ref_code,purchase_order,client,email,net,tax,grand_total,ccy,doc_date
INV-2025688815,PO-4703,Riya Singh,riyasingh@sample.net,165165.56,8258.28,173423.84,INR,2025-06-06
REF-985-189,,Vihaan Rao,vihaanrao@demo.co,23822.9,1191.25,25014.15,INR,2025-08-05
REF-638-401,PO-4343,Riya Nair,riyanair@example.com,162295.1,19477.65,181772.75,INR,2025-08-05
REF-269-303,PO-1015,Pari Reddy,parireddy@mailinator.com,83010.51,4150.48,87160.99,INR,2025-05-19
2025981242,PO-3496,Arjun Khan,arjunkhan@test.org,39896.99,4788.38,44685.37,INR,2025-03-20
INV-2025236569,PO-8759,Aarav Chopra,aaravchopr@sample.net,58226.16,6986.64,65212.8,INR,2025-04-26
2025830593,PO-9374,Navya Sharma,navyasharm@demo.co,5036.86,249.74,5286.6,INR,2025-07-20
REF-196-473,,Kiara Reddy,kiarareddy@example.com,179380.77,32288.54,211669.31,INR,2025-04-02
2025240104,PO-9765,Kiara Kulkarni,kiarakulka@demo.co,52449.1,9440.7,61889.8,INR,2025-04-03
2025-713861,,Aisha Mehta,aishamehta@mailinator.com,155929.76,18711.45,174641.21,INR,2025-08-09
2025-726403,,Riya Khan,riyakhan@mailinator.com,173843.49,20860.6,194704.09,INR,2025-06-22
2025-156396,,Kiara Kulkarni,kiarakulka@demo.co,123913.73,14869.65,138783.38,INR,2025-05-14
2025/991769,PO-2519,Pari Verma,pariverma @ sample.net,86333.54,15538.86,101872.4,INR,2025-03-16
#2025::034,,Riya Khan,riyakhan @ mailinator.com,77357.34,3866.82,81224.16,INR,2025-07-13
#2025::652,,Aisha Bansal,aishabansa@sample.net,121104.33,21798.78,142903.11,INR,2025-07-20
2025/127486,PO-3565,Pari,parisingh@example.com,70144.79,3507.34,73652.13,INR,2025-08-08
2025-165902,PO-7977,Krishna Verma,krishnaver@test.org,56529.94,6783.83,63313.77,INR,2025-04-20
2025/407101,PO-3180,Aisha Mehta,aishamehta@mailinator.com,31296.65,1564.88,32861.53,INR,2025-06-16
INV-2025570229,,Arjun Khan,arjunkhan@test.org,96559.98,11587.2,108147.18,INR,2025-01-07
INV-2025929147,PO-7368,Anaya Iyer,anayaiyer@sample.net,136000.89,16320.11,152321.0,INR,2025-06-03
2025-609140,PO-8655,Arjun Bansal,arjunbansa@example.com,42493.7,2124.63,44618.33,INR,2025-06-13
#2025::863,,Riya Gupta,riyagupta@example.com,50693.65,9127.22,59820.87,INR,2025-04-01
INV-2025167738,,Diya Chopra,diyachopra@test.org,63334.94,3166.75,66501.69,INR,2025-02-17
2025/455875,,Mira,mirarao@sample.net,117212.65,5860.23,123072.88,INR,2025-05-15
2025/301910,,Sai Nair,sainair@test.org,76174.63,9140.46,85315.09,INR,2025-01-21
#2025::069,PO-6806,Ira Mehta,iramehta@sample.net,104042.74,18726.51,122769.25,INR,2025-07-15
2025/175191,PO-7578,Ishaan Singh,ishaansing@test.org,101361.27,18245.03,119606.3,INR,2025-01-01
REF-711-979,PO-7954,Pari Ghosh,parighosh@demo.co,134202.29,6710.61,140912.9,INR,2025-03-11
2025-989150,PO-8468,Riya Singh,riyasingh@sample.net,117894.75,5894.74,123789.49,INR,2025-03-18
2025258348,,Vivaan Bansal,vivaanbans@test.org,84424.6,15196.43,99621.03,INR,2025-05-28
REF-725-879,,Kiara Reddy,kiarareddy@test.org,13227.12,2379.7,15606.82,INR,2025-07-18
REF-953-219,PO-9734,Rohan Nair,rohannair@test.org,124380.98,6216.95,130597.93,INR,2025-06-01
2025939903,,Arjun Nair,arjunnair@test.org,156527.66,28175.16,184702.82,INR,2025-04-21
#2025::586,PO-3547,Rohan Rao,rohanrao@mailinator.com,199223.74,35860.27,235084.01,INR,2025-05-04
REF-758-949,,Krishna Kulkarni,krishnakul @ sample.net,42935.95,2146.8,45082.75,INR,2025-02-17
2025702654,,Diya Mukherjee,diyamukher@sample.net,94860.15,17074.83,111934.98,INR,2025-07-04
2025720654,PO-6147,Ishaan Reddy,ishaanredd@demo.co,189159.73,9457.59,198617.32,INR,2025-06-18
#2025::427,PO-4622,Aisha Das,aishadas@test.org,17427.44,3136.94,20564.38,INR,2025-06-10
INV-2025111807,PO-5213,Riya Reddy,riyareddy@test.org,38185.41,1909.37,40094.78,INR,2025-05-04
2025-451486,PO-9391,Rohan Bansal,rohanbansa @ example.com,39087.69,4690.28,43777.97,INR,2025-06-04
2025/943369,,Sai Verma,saiverma@sample.net,20265.69,1014.33,21280.02,INR,2025-07-14
INV-2025642562,,Aisha Kulkarni,aishakulka@test.org,152053.36,18246.28,170299.64,INR,2025-02-05
#2025::991,PO-6015,Ishaan Nair,ishaannair@mailinator.com,24107.84,4339.27,28447.11,INR,2025-05-07
2025604761,PO-1341,Arjun Khan,arjunkhan@test.org,112471.38,5623.57,118094.95,INR,2025-06-07
REF-333-540,PO-8682,Aarav Kulkarni,aaravkulka@sample.net,8133.92,975.57,9109.49,INR,2025-02-03
2025/361416,PO-3029,Rohan Iyer,rohaniyer@example.com,66501.93,7980.11,74482.04,INR,2025-02-19
2025/480500,PO-1441,Sara Rao,sararao@example.com,50154.87,2507.24,52662.11,INR,2025-07-16
2025-697169,PO-3692,Vivaan Bansal,vivaanbans@test.org,131527.96,23675.03,155202.99,INR,2025-07-13
2025433985,,Arjun Nair,arjunnair@test.org,106396.57,19151.38,125547.95,INR,2025-04-26
REF-026-633,PO-7549,Pari Patel,paripatel @ sample.net,88169.25,4408.46,92577.71,INR,2025-04-12
INV-2025408922,,Aarav Sharma,aaravsharm @ example.com,128232.85,15387.94,143620.79,INR,2025-07-03
2025/724442,PO-5892,Sai,saikapoor@test.org,146427.7,17571.32,163999.02,INR,2025-06-17
2025918096,,Aarav Kulkarni,aaravkulka@example.com,94915.9,4745.8,99661.7,INR,2025-04-08
#2025::120,,Aarav Kulkarni,aaravkulka @ example.com,81793.12,4089.71,85882.83,INR,2025-05-11
2025/241210,PO-6483,Pari Chopra,parichopra@example.com,85297.78,15353.6,100651.38,INR,2025-07-21
2025349516,,Diya Mukherjee,diyamukher@sample.net,172480.99,20697.72,193178.71,INR,2025-03-09
INV-2025833292,PO-9246,Rohan Menon,rohanmenon@test.org,123345.63,6167.28,129512.91,INR,2025-05-10
INV-2025866162,PO-3381,Arjun Menon,arjunmenon@mailinator.com,52147.84,2606.34,54754.18,INR,2025-02-02
INV-2025260190,PO-8174,Navya Bansal,navyabansa@mailinator.com,21560.39,3881.37,25441.76,INR,2025-01-22
2025670468,PO-5118,Ishaan Pillai,ishaanpill@test.org,35557.39,4264.65,39822.04,INR,2025-08-08
INV-2025637853,PO-1912,Sai,saimenon @ test.org,6928.41,347.47,7275.88,INR,2025-03-11
2025/545307,,Navya Bansal,navyabansa@mailinator.com,17961.83,3230.77,21192.6,INR,2025-03-30
#2025::151,PO-1878,Ritvik Bansal,ritvikbans @ example.com,96573.2,11591.02,108164.22,INR,2025-07-15
INV-2025650523,,Anaya Gupta,anayagupta @ example.com,55933.0,10068.62,66001.62,INR,2025-06-29
2025-171922,PO-6192,Rohan Kapoor,rohankapoo@sample.net,2398.71,122.04,2520.75,INR,2025-07-21
2025/672659,,Kiara Ghosh,kiaraghosh@demo.co,136054.3,6804.81,142859.11,INR,2025-06-15
2025/669711,,Rohan,rohannair@test.org,131463.0,6573.65,138036.65,INR,2025-06-24
2025101943,,Vihaan Das,vihaandas @ sample.net,112843.42,5643.22,118486.64,INR,2025-01-29
2025-491544,,Pari Patel,paripatel @ sample.net,188844.75,22661.37,211506.12,INR,2025-04-26
INV-2025265819,PO-5713,Ishaan Nair,ishaannair@mailinator.com,156557.49,18786.9,175344.39,INR,2025-02-16
REF-649-877,PO-8197,Aisha Mehta,aishamehta@mailinator.com,87489.24,15750.42,103239.66,INR,2025-04-28
2025/273644,,Arjun Rao,arjunrao@demo.co,6935.9,1248.78,8184.68,INR,2025-07-02
INV-2025463903,PO-4814,Pari Khan,parikhan@example.com,144283.31,7214.17,151497.48,INR,2025-05-09
INV-2025568729,PO-9464,Krishna Iyer,krishnaiye@example.com,96536.35,17376.68,113913.03,INR,2025-05-21
INV-2025618410,PO-3365,Sai Nair,sainair @ test.org,51518.63,6182.36,57700.99,INR,2025-02-21
REF-158-532,,Ishaan,ishaannair@mailinator.com,78298.11,3914.91,82213.02,INR,2025-01-30
#2025::052,PO-6803,Pari Khan,parikhan @ example.com,69788.05,3489.45,73277.5,INR,2025-05-31
2025-899911,PO-1418,Arjun Menon,arjunmenon@mailinator.com,53684.44,6442.01,60126.45,INR,2025-03-05
2025905776,,Mira Bansal,mirabansal@demo.co,116740.98,21013.88,137754.86,INR,2025-02-14
#2025::993,,Arjun Reddy,arjunreddy@test.org,180353.12,32463.7,212816.82,INR,2025-01-27
INV-2025414913,,Riya Kulkarni,riyakulkar @ mailinator.com,151469.27,7571.36,159040.63,INR,2025-07-30
2025/628094,,Pari Bansal,paribansal@example.com,52714.59,6325.75,59040.34,INR,2025-06-09
2025/625429,PO-9102,Diya Mukherjee,diyamukher @ sample.net,129396.95,23291.45,152688.4,INR,2025-03-17
2025-355366,,Pari Patel,paripatel@sample.net,140303.67,25254.66,165558.33,INR,2025-06-22
2025/506724,PO-5893,Pari Verma,pariverma@sample.net,150857.68,18101.8,168959.48,INR,2025-07-27
INV-2025532854,PO-5494,Aisha Reddy,aishareddy@demo.co,12700.22,1524.03,14224.25,INR,2025-02-06
2025/352218,PO-1461,Diya Chopra,diyachopra@test.org,169150.42,8457.52,177607.94,INR,2025-07-21
2025922027,PO-2159,Mira Nair,miranair @ mailinator.com,68022.85,8163.24,76186.09,INR,2025-07-22
INV-2025356441,PO-4977,Arjun Iyer,arjuniyer@example.com,57708.76,10386.72,68095.48,INR,2025-03-01
2025/610372,PO-5389,Aarav Das,aaravdas@test.org,13458.93,672.9,14131.83,INR,2025-05-14
2025-820170,,Mira,mirarao@sample.net,144354.68,7217.73,151572.41,INR,2025-03-09
2025-809885,PO-7769,Arjun Rao,arjunrao @ demo.co,70746.15,8490.28,79236.43,INR,2025-02-27
2025/738906,PO-4533,Aarav Das,aaravdas@sample.net,19758.41,988.02,20746.43,INR,2025-01-23
2025/931770,,Navya Sharma,navyasharm@demo.co,186908.71,22428.93,209337.64,INR,2025-04-13
REF-014-637,PO-9740,Aarav Kulkarni,aaravkulka@example.com,170577.07,30703.87,201280.94,INR,2025-04-03
#2025::583,,Ritvik Bansal,ritvikbans@example.com,151284.33,27230.32,178514.65,INR,2025-07-25
#2025::510,,Diya Chopra,diyachopra@test.org,94059.7,11287.16,105346.86,INR,2025-07-11
2025-324534,PO-7812,Aarav Kulkarni,aaravkulka@example.com,96159.75,4807.49,100967.24,INR,2025-01-26
INV-2025846117,PO-5488,Aarav Kulkarni,aaravkulka@example.com,80737.49,14533.93,95271.42,INR,2025-07-29
2025-887576,,Rohan Iyer,rohaniyer@example.com,170591.34,20470.96,191062.3,INR,2025-01-24
#2025::958,,Aarav Singh,aaravsingh@mailinator.com,73961.2,13313.02,87274.22,INR,2025-04-08
2025-929881,,Kiara Kapoor,kiarakapoo@test.org,189853.02,22780.12,212633.14,INR,2025-07-26
2025-396635,,Vihaan Das,vihaandas@sample.net,1711.98,308.16,2020.14,INR,2025-07-15
2025-130184,PO-2115,Diya Mehta,diyamehta@mailinator.com,47591.63,5711.12,53302.75,INR,2025-03-14
#2025::581,PO-3055,Aisha Chopra,aishachopr @ mailinator.com,60198.03,3010.95,63208.98,INR,2025-07-02
2025358343,PO-4714,Ishaan Singh,ishaansing@test.org,166730.92,30011.07,196741.99,INR,2025-07-11
INV-2025926269,PO-2696,Aisha Bansal,aishabansa@sample.net,100859.75,12100.93,112960.68,INR,2025-06-17
#2025::644,PO-6115,Vivaan Mehta,vivaanmeht@sample.net,171578.48,30884.13,202462.61,INR,2025-01-10
2025/537352,PO-5532,Rohan Kapoor,rohankapoo@mailinator.com,37047.94,6668.13,43716.07,INR,2025-03-13
REF-672-700,PO-2350,Krishna Kulkarni,krishnakul@sample.net,90087.67,10811.64,100899.31,INR,2025-06-11
2025/377723,PO-4560,Anaya Singh,anayasingh@sample.net,195896.23,23507.55,219403.78,INR,2025-04-10
2025-739086,,Sai Verma,saiverma@sample.net,128758.62,6435.83,135194.45,INR,2025-03-08
2025/924634,,Sai Ghosh,saighosh@example.com,110701.34,19923.88,130625.22,INR,2025-02-01
REF-089-614,PO-1566,Pari Patel,paripatel@sample.net,191022.55,9551.13,200573.68,INR,2025-07-05
REF-716-246,,Sai Nair,sainair@test.org,159558.47,7977.92,167536.39,INR,2025-04-14
INV-2025197710,PO-7077,Riya Kulkarni,riyakulkar@mailinator.com,127077.67,22873.48,149951.15,INR,2025-04-18
2025-991544,PO-4321,Riya Kulkarni,riyakulkar@example.com,13582.69,1627.68,15210.37,INR,2025-06-23
#2025::856,PO-1637,Aarav,aaravdas@sample.net,148507.28,7423.26,155930.54,INR,2025-05-29
INV-2025354343,PO-5752,Anaya Sharma,anayasharm@test.org,155275.0,7765.85,163040.85,INR,2025-02-15
2025-950984,PO-1843,Aisha Reddy,aishareddy@demo.co,188069.56,33852.52,221922.08,INR,2025-03-30
#2025::854,,Rohan Menon,rohanmenon@test.org,41830.18,7528.75,49358.93,INR,2025-05-26
#2025::418,,Mira Kulkarni,mirakulkar@demo.co,21832.88,2619.95,24452.83,INR,2025-08-03
2025-380154,,Aditya Bansal,adityabans@test.org,48416.6,8714.31,57130.91,INR,2025-06-25
#2025::324,PO-3633,Aarav Chopra,aaravchopr@sample.net,168182.32,8409.22,176591.54,INR,2025-07-23
#2025::994,PO-8012,Ira Mehta,iramehta@sample.net,195717.01,35229.42,230946.43,INR,2025-07-21
#2025::673,,Navya Menon,navyamenon@mailinator.com,101504.95,18270.89,119775.84,INR,2025-03-06
2025810890,PO-9492,Rohan Menon,rohanmenon@test.org,103398.51,12407.32,115805.83,INR,2025-03-08
2025/547335,PO-6798,Aarav Sharma,aaravsharm@example.com,120288.18,14432.34,134720.52,INR,2025-01-29
#2025::031,,Ritvik Chopra,ritvikchop@sample.net,66620.06,3331.0,69951.06,INR,2025-03-09
2025-328327,,Rohan,rohanbansa@example.com,160637.37,28914.73,189552.1,INR,2025-08-08
#2025::792,PO-8290,Rohan Iyer,rohaniyer@example.com,198593.9,23831.27,222425.17,INR,2025-07-05
#2025::697,,Ishaan Pillai,ishaanpill@test.org,114362.01,5716.0,120078.01,INR,2025-03-12
2025690424,PO-9295,Anaya Singh,anayasingh @ sample.net,115104.5,5754.18,120858.68,INR,2025-02-02
REF-344-246,PO-1763,Ishaan Reddy,ishaanredd@demo.co,96079.5,4803.98,100883.48,INR,2025-06-06
2025-503745,PO-3448,Aarav Singh,aaravsingh @ mailinator.com,61094.34,10996.98,72091.32,INR,2025-01-15
2025/798400,,Vihaan Das,vihaandas@sample.net,191232.13,34421.78,225653.91,INR,2025-01-30
2025-724132,PO-3088,Ritvik Reddy,ritvikredd@test.org,117926.82,21226.33,139153.15,INR,2025-07-15
2025946991,,Aisha,aishadas@test.org,171700.5,8586.08,180286.58,INR,2025-07-19
2025/690380,,Krishna Kulkarni,krishnakul@sample.net,168140.96,8407.55,176548.51,INR,2025-03-03
2025942188,PO-5860,Diya Pillai,diyapillai@sample.net,121534.48,21878.57,143413.05,INR,2025-06-29
2025-967092,PO-7334,Pari Verma,pariverma@sample.net,16192.96,1944.28,18137.24,INR,2025-04-08
REF-470-461,PO-7374,Aditya Bansal,adityabans @ test.org,93514.54,16832.62,110347.16,INR,2025-05-11
2025739821,,Aisha Reddy,aishareddy@demo.co,170326.5,20438.94,190765.44,INR,2025-01-13
REF-535-148,PO-6030,Ritvik Reddy,ritvikredd@test.org,132879.94,23918.21,156798.15,INR,2025-03-28
#2025::872,,Navya Gupta,navyagupta@demo.co,52555.17,9459.79,62014.96,INR,2025-06-04
2025/309630,PO-6674,Kiara Ghosh,kiaraghosh@demo.co,137709.41,6884.97,144594.38,INR,2025-01-06
2025815368,,Mira Kulkarni,mirakulkar @ demo.co,103031.52,5151.58,108183.1,INR,2025-07-22
REF-920-501,,Ritvik Pillai,ritvikpill@sample.net,108477.24,13016.15,121493.39,INR,2025-01-21
#2025::700,PO-2390,Diya Bansal,diyabansal@demo.co,25305.64,4555.02,29860.66,INR,2025-05-28
2025/875574,,Ishaan,ishaansing @ test.org,149575.97,26923.17,176499.14,INR,2025-03-04
2025/957359,PO-8735,Ritvik Reddy,ritvikredd @ test.org,80753.09,4035.55,84788.64,INR,2025-07-07
2025-954626,PO-9550,Anaya Singh,anayasingh@sample.net,69377.66,8325.32,77702.98,INR,2025-03-08
2025-311535,PO-4933,Ritvik Chopra,ritvikchop@sample.net,21423.3,2571.54,23994.84,INR,2025-01-11
REF-284-664,,Vihaan Rao,vihaanrao@demo.co,63429.03,3173.55,66602.58,INR,2025-06-22
2025-372137,,Aisha Bansal,aishabansa@sample.net,44044.33,7926.8,51971.13,INR,2025-01-31
2025-837776,,Vihaan,vihaandas@sample.net,146103.12,17532.37,163635.49,INR,2025-03-31
#2025::898,,Kiara Kapoor,kiarakapoo@test.org,194102.02,23290.0,217392.02,INR,2025-02-24
2025-156208,PO-9538,Arjun Menon,arjunmenon@mailinator.com,66796.83,12025.79,78822.62,INR,2025-02-28
INV-2025312031,PO-3865,Diya Pillai,diyapillai@sample.net,160704.51,8035.23,168739.74,INR,2025-03-03
2025629728,PO-2004,Arjun,arjunbansa@example.com,40784.54,4893.64,45678.18,INR,2025-03-22
REF-180-656,PO-6317,Ritvik Bansal,ritvikbans@example.com,188511.72,22621.53,211133.25,INR,2025-06-01
INV-2025517799,,Vivaan Bansal,vivaanbans@test.org,158460.12,19014.09,177474.21,INR,2025-04-05
2025/357627,,Riya Nair,riyanair@example.com,147587.15,7379.86,154967.01,INR,2025-06-11
2025345107,PO-5035,Rohan Menon,rohanmenon@test.org,104644.31,12556.2,117200.51,INR,2025-06-19
INV-2025757593,,Rohan Bansal,rohanbansa @ example.com,86273.38,10351.69,96625.07,INR,2025-07-30
2025-960008,,Krishna Iyer,krishnaiye@example.com,87374.63,10486.08,97860.71,INR,2025-05-11
2025/147804,,Vihaan Khan,vihaankhan @ demo.co,115794.44,5787.62,121582.06,INR,2025-07-16
2025763567,PO-5157,Krishna,krishnakha @ test.org,35786.91,6441.14,42228.05,INR,2025-07-22
2025/879402,,Diya Bansal,diyabansal@demo.co,83615.49,4180.32,87795.81,INR,2025-03-21
2025598428,,Rohan Kapoor,rohankapoo@sample.net,82309.47,14815.7,97125.17,INR,2025-02-24
INV-2025351175,,Ira Khan,irakhan@demo.co,148252.49,7412.62,155665.11,INR,2025-04-30
2025413313,PO-8101,Arjun,arjuniyer@example.com,155832.45,28049.84,183882.29,INR,2025-02-15
REF-616-757,,Riya Khan,riyakhan@mailinator.com,185872.73,33457.09,219329.82,INR,2025-04-24
REF-427-741,PO-8803,Vihaan Das,vihaandas@demo.co,6525.52,326.33,6851.85,INR,2025-02-20
2025-130358,,Aarav Kulkarni,aaravkulka @ sample.net,97720.12,4885.51,102605.63,INR,2025-05-16
2025-355067,PO-9829,Rohan Menon,rohanmenon @ test.org,50057.74,6006.81,56064.55,INR,2025-04-01
#2025::057,,Sai,sainair@test.org,71808.85,8617.06,80425.91,INR,2025-04-13
2025293705,,Rohan Iyer,rohaniyer@example.com,100397.4,5019.87,105417.27,INR,2025-04-16
2025-714120,,Aarav Kulkarni,aaravkulka@example.com,90881.24,10904.63,101785.87,INR,2025-05-10
2025/383898,PO-9335,Kiara Ghosh,kiaraghosh@demo.co,159258.83,19110.32,178369.15,INR,2025-02-06
2025304820,PO-5976,Arjun Khan,arjunkhan @ test.org,32202.98,5796.54,37999.52,INR,2025-07-22
2025-327286,,Aisha,aishachopr@mailinator.com,193037.61,34749.13,227786.74,INR,2025-05-16
REF-040-994,PO-8815,Rohan Nair,rohannair @ test.org,52334.64,2616.73,54951.37,INR,2025-05-29
#2025::496,,Anaya Iyer,anayaiyer@sample.net,175248.35,21027.56,196275.91,INR,2025-03-15
#2025::897,PO-1848,Anaya Sharma,anayasharm@test.org,50046.22,9008.68,59054.9,INR,2025-03-11
2025591834,PO-1788,Vihaan,vihaanrao@demo.co,40023.27,2001.16,42024.43,INR,2025-03-16
REF-060-205,PO-4035,Riya Kulkarni,riyakulkar@mailinator.com,11204.16,560.21,11764.37,INR,2025-04-23
REF-482-264,PO-2381,Sai Menon,saimenon@test.org,169926.5,8495.83,178422.33,INR,2025-07-26
2025/279833,PO-2920,Pari,parisingh@example.com,114684.68,20640.88,135325.56,INR,2025-02-12
2025-786410,,Kiara Singh,kiarasingh@demo.co,64958.49,11692.89,76651.38,INR,2025-07-15
2025-964152,PO-2600,Mira Rao,mirarao@sample.net,110842.63,13301.62,124144.25,INR,2025-07-19
#2025::680,PO-4374,Ritvik Bansal,ritvikbans@example.com,168140.62,8407.58,176548.2,INR,2025-07-17
2025-797476,,Diya Pillai,diyapillai@sample.net,24456.8,2935.94,27392.74,INR,2025-07-08
INV-2025408000,,Arjun Reddy,arjunreddy@test.org,177974.98,32035.5,210010.48,INR,2025-01-27
REF-510-167,,Vivaan Rao,vivaanrao@example.com,8112.26,1460.03,9572.29,INR,2025-02-05
2025804008,,Sara Rao,sararao@example.com,181634.51,32694.21,214328.72,INR,2025-07-26
#2025::203,PO-1658,Rohan Menon,rohanmenon@test.org,119037.05,14283.33,133320.38,INR,2025-01-20
2025482392,PO-9889,Pari Ghosh,parighosh@demo.co,163838.73,8191.54,172030.27,INR,2025-05-07
REF-473-584,,Arjun Nair,arjunnair@test.org,82064.33,9847.72,91912.05,INR,2025-04-03
2025369521,,Rohan Nair,rohannair @ test.org,145645.69,7281.23,152926.92,INR,2025-06-18
2025-253883,,Aisha Das,aishadas@test.org,89815.42,16166.28,105981.7,INR,2025-03-26
2025-278683,,Aisha Bansal,aishabansa@sample.net,12164.94,608.75,12773.69,INR,2025-05-20
INV-2025617356,PO-7613,Vihaan Kapoor,vihaankapo@example.com,131154.05,15738.25,146892.3,INR,2025-03-07
2025102780,,Aarav Kulkarni,aaravkulka@example.com,66538.11,3326.91,69865.02,INR,2025-05-09
2025767480,PO-5172,Pari Singh,parisingh@example.com,174311.53,20915.14,195226.67,INR,2025-06-17
2025/572349,PO-1498,Riya,riyareddy@test.org,124430.29,14933.87,139364.16,INR,2025-06-21
2025-826683,PO-2569,Aarav Das,aaravdas@sample.net,184497.94,9224.9,193722.84,INR,2025-03-25
2025/376143,PO-8956,Ishaan Singh,ishaansing@test.org,175570.62,21068.47,196639.09,INR,2025-04-15
2025429516,PO-3823,Pari Chopra,parichopra@example.com,151932.84,27347.91,179280.75,INR,2025-06-16
2025/197944,,Arjun Menon,arjunmenon@mailinator.com,86622.21,10392.43,97014.64,INR,2025-04-08
#2025::630,,Sai Menon,saimenon@test.org,108616.06,5432.9,114048.96,INR,2025-07-06
INV-2025213582,PO-7192,Vihaan Rao,vihaanrao@demo.co,154063.59,18487.63,172551.22,INR,2025-02-08
2025-583353,,Ira,iramehta@sample.net,81356.54,9761.66,91118.2,INR,2025-02-23
2025-850147,PO-8962,Pari Khan,parikhan@example.com,13474.52,2425.77,15900.29,INR,2025-01-24
INV-2025301889,,Pari Reddy,parireddy@mailinator.com,144802.97,7240.15,152043.12,INR,2025-04-24
#2025::393,,Pari Bansal,paribansal@example.com,158238.04,18988.56,177226.6,INR,2025-03-17
REF-586-102,,Aditya Bansal,adityabans@test.org,191753.55,23010.43,214763.98,INR,2025-05-22
#2025::566,PO-4592,Ishaan Pillai,ishaanpill@test.org,84955.38,15291.97,100247.35,INR,2025-01-11
REF-606-822,,Aisha Mehta,aishamehta@mailinator.com,52558.32,9460.5,62018.82,INR,2025-06-02
2025/995713,,Krishna Kulkarni,krishnakul@sample.net,37203.73,4463.33,41667.06,INR,2025-07-03
INV-2025600893,PO-1376,Diya Mukherjee,diyamukher@sample.net,110999.3,5549.97,116549.27,INR,2025-05-15
2025-442018,PO-7303,Diya Pillai,diyapillai@sample.net,149768.75,7489.49,157258.24,INR,2025-07-29
2025-499501,,Mira Bansal,mirabansal@demo.co,138412.07,16609.45,155021.52,INR,2025-06-14
2025154229,PO-3039,Arjun Iyer,arjuniyer@sample.net,175388.56,21046.63,196435.19,INR,2025-02-28
REF-989-543,PO-5172,Aarav Das,aaravdas@test.org,99137.84,11896.66,111034.5,INR,2025-06-07
INV-2025945146,PO-1767,Rohan Nair,rohannair@test.org,115092.53,13811.1,128903.63,INR,2025-02-12
2025-189567,PO-6677,Rohan Iyer,rohaniyer@example.com,75420.03,9048.16,84468.19,INR,2025-01-28
INV-2025890294,,Aisha Bansal,aishabansa@sample.net,33451.21,6021.22,39472.43,INR,2025-08-02
#2025::395,PO-7042,Pari Patel,paripatel @ sample.net,105878.68,5294.03,111172.71,INR,2025-04-12
#2025::367,,Pari Ghosh,parighosh@demo.co,190507.54,22859.78,213367.32,INR,2025-04-07
INV-2025828334,PO-2955,Sai Ghosh,saighosh@example.com,178928.07,32205.87,211133.94,INR,2025-06-23
#2025::549,,Krishna Verma,krishnaver @ test.org,138862.15,16664.58,155526.73,INR,2025-06-29
2025535576,PO-3314,Pari Patel,paripatel@sample.net,31523.72,5673.41,37197.13,INR,2025-02-09
#2025::132,,Vihaan Nair,vihaannair@example.com,148226.02,17787.38,166013.4,INR,2025-03-04
#2025::920,PO-5452,Aisha,aishadas@test.org,122714.2,14725.44,137439.64,INR,2025-04-29
2025-333444,,Vivaan Bansal,vivaanbans@example.com,11241.58,1351.23,12592.81,INR,2025-02-05
2025-519252,,Kiara Kapoor,kiarakapoo@test.org,166411.91,19969.43,186381.34,INR,2025-06-28
2025354329,,Vihaan Kapoor,vihaankapo@example.com,176426.28,21171.15,197597.43,INR,2025-03-08
REF-358-116,PO-3747,Krishna Khan,krishnakha@test.org,44989.35,8095.72,53085.07,INR,2025-01-05
2025892595,PO-4880,Sai Nair,sainair@test.org,46817.71,5618.25,52435.96,INR,2025-02-21
2025-553097,PO-3274,Arjun Bansal,arjunbansa @ example.com,199437.6,23932.51,223370.11,INR,2025-03-16
#2025::141,PO-8409,Mira Rao,mirarao @ demo.co,67061.27,8047.35,75108.62,INR,2025-03-23
2025/823449,PO-6455,Aarav Das,aaravdas@sample.net,178967.78,8948.94,187916.72,INR,2025-04-11
2025-594378,PO-2195,Arjun Reddy,arjunreddy@test.org,49943.27,2497.16,52440.43,INR,2025-01-05
2025677444,,Rohan Kapoor,rohankapoo@mailinator.com,53985.52,9717.39,63702.91,INR,2025-06-03
REF-590-980,PO-4312,Diya Mehta,diyamehta @ mailinator.com,103880.49,5194.02,109074.51,INR,2025-05-24
INV-2025200494,,Pari Bansal,paribansal@example.com,42566.96,5108.66,47675.62,INR,2025-02-16
INV-2025385987,PO-5201,Pari Ghosh,parighosh@demo.co,96682.08,17402.91,114084.99,INR,2025-05-01
INV-2025491950,PO-4260,Mira Rao,mirarao@sample.net,77080.77,3854.04,80934.81,INR,2025-03-30
2025-363789,,Aisha Reddy,aishareddy@demo.co,6777.83,338.49,7116.32,INR,2025-07-22
#2025::070,,Ishaan Reddy,ishaanredd @ demo.co,190266.01,34247.88,224513.89,INR,2025-04-27
INV-2025861169,PO-4347,Aisha Das,aishadas@test.org,69849.96,12573.17,82423.13,INR,2025-01-20
2025/769799,,Riya Khan,riyakhan@mailinator.com,44004.69,2200.23,46204.92,INR,2025-05-27
2025/763388,PO-9248,Aisha Reddy,aishareddy@demo.co,23539.22,2824.71,26363.93,INR,2025-03-15
2025159281,PO-4355,Riya Khan,riyakhan@mailinator.com,94965.93,17093.87,112059.8,INR,2025-07-14
INV-2025928411,,Riya Khan,riyakhan @ mailinator.com,55075.69,2754.18,57829.87,INR,2025-01-04
REF-028-285,PO-6621,Rohan Kapoor,rohankapoo@sample.net,88122.67,15861.4,103984.07,INR,2025-03-09
2025234798,,Mira Rao,mirarao@demo.co,17285.67,2076.52,19362.19,INR,2025-04-26
2025-807746,PO-4302,Aditya Kapoor,adityakapo@example.com,3305.31,594.96,3900.27,INR,2025-01-27
REF-838-551,,Aditya Kapoor,adityakapo@example.com,131636.22,15796.35,147432.57,INR,2025-01-19
#2025::587,,Mira Singh,mirasingh@demo.co,87184.14,15692.65,102876.79,INR,2025-02-22
REF-168-116,,Ritvik Bansal,ritvikbans@example.com,23238.32,1161.52,24399.84,INR,2025-07-06
2025/676708,,Arjun Bansal,arjunbansa@example.com,59759.29,10756.67,70515.96,INR,2025-05-02
2025564666,,Pari Reddy,parireddy@mailinator.com,147820.75,7391.54,155212.29,INR,2025-03-13
REF-920-891,,Aisha Bansal,aishabansa@sample.net,164558.94,8227.5,172786.44,INR,2025-02-23
2025-454036,,Aarav Das,aaravdas@sample.net,120578.95,6028.95,126607.9,INR,2025-02-09
2025138065,PO-8097,Rohan Menon,rohanmenon@test.org,20796.94,1039.85,21836.79,INR,2025-04-22
2025/622361,PO-4795,Arjun Bansal,arjunbansa@example.com,188205.12,9410.76,197615.88,INR,2025-05-14
2025/695254,,Aarav Singh,aaravsingh@mailinator.com,2578.7,466.53,3045.23,INR,2025-06-18
2025/574448,,Aarav Chopra,aaravchopr@sample.net,11090.46,1330.86,12421.32,INR,2025-06-27
INV-2025230419,PO-8197,Ira Khan,irakhan@demo.co,39141.5,4696.98,43838.48,INR,2025-02-28
INV-2025709675,PO-6799,Diya Mehta,diyamehta@mailinator.com,170585.38,30705.37,201290.75,INR,2025-04-18
2025/761922,,Riya,riyareddy@test.org,39981.65,7196.7,47178.35,INR,2025-06-30
2025/222367,PO-7335,Diya Bansal,diyabansal@demo.co,165879.81,19905.58,185785.39,INR,2025-03-27
REF-977-810,,Mira Nair,miranair@mailinator.com,29750.32,3570.04,33320.36,INR,2025-03-30
INV-2025991900,PO-7413,Rohan Kapoor,rohankapoo@mailinator.com,101271.16,5063.06,106334.22,INR,2025-07-13
#2025::235,,Aarav Das,aaravdas @ test.org,24522.12,4414.48,28936.6,INR,2025-01-02
REF-797-240,,Aarav Kulkarni,aaravkulka@sample.net,57578.03,2878.9,60456.93,INR,2025-03-20
2025569600,PO-1639,Kiara Reddy,kiarareddy@test.org,194631.73,35034.89,229666.62,INR,2025-07-30
2025-969033,,Sai Verma,saiverma@sample.net,30283.96,3634.08,33918.04,INR,2025-06-15
2025658807,PO-1846,Aarav Reddy,aaravreddy @ test.org,123689.72,22264.47,145954.19,INR,2025-04-28
#2025::631,PO-7638,Kiara Reddy,kiarareddy@example.com,136700.14,6835.46,143535.6,INR,2025-06-21
2025983591,,Ira Mehta,iramehta@sample.net,91670.04,11000.4,102670.44,INR,2025-02-11
REF-433-742,,Mira Kulkarni,mirakulkar@demo.co,191841.56,23021.61,214863.17,INR,2025-07-25
2025/974051,PO-5389,Aisha,aishakulka@test.org,184283.46,33171.02,217454.48,INR,2025-03-05
REF-391-585,,Ishaan Nair,ishaannair@mailinator.com,127238.01,15268.56,142506.57,INR,2025-07-09
2025846750,PO-4300,Rohan,rohaniyer@example.com,5669.75,281.39,5951.14,INR,2025-07-27
#2025::106,PO-3183,Anaya Gupta,anayagupta@example.com,135134.22,24323.84,159458.06,INR,2025-06-12
REF-668-470,PO-4647,Navya Bansal,navyabansa@mailinator.com,10985.02,1319.32,12304.34,INR,2025-04-29
REF-852-544,,Kiara Singh,kiarasingh@demo.co,107227.18,5363.46,112590.64,INR,2025-05-29
REF-257-919,,Vihaan Kapoor,vihaankapo@example.com,43785.1,5254.21,49039.31,INR,2025-01-10
INV-2025541401,,Sai Kapoor,saikapoor@test.org,87529.34,10503.52,98032.86,INR,2025-03-25
INV-2025173834,PO-3492,Diya Chopra,diyachopra@test.org,3901.91,195.1,4097.01,INR,2025-01-03
2025/996171,,Riya Nair,riyanair @ example.com,192759.0,34697.8,227456.8,INR,2025-07-24
INV-2025410694,,Ira Mehta,iramehta@sample.net,15613.85,2809.99,18423.84,INR,2025-01-11
2025549883,PO-7621,Riya Reddy,riyareddy@test.org,125519.72,22593.37,148113.09,INR,2025-01-28
2025-434637,PO-8766,Ishaan Pillai,ishaanpill @ test.org,105930.0,5297.0,111227.0,INR,2025-06-13
2025-203331,PO-1590,Aisha Mehta,aishamehta@mailinator.com,136137.92,24504.83,160642.75,INR,2025-01-25
2025636164,PO-4284,Pari Reddy,parireddy@mailinator.com,175148.58,31526.24,206674.82,INR,2025-07-20
2025313191,,Riya Nair,riyanair@example.com,43417.59,5210.49,48628.08,INR,2025-03-11
REF-978-753,PO-2326,Ritvik Pillai,ritvikpill@sample.net,26487.41,1324.37,27811.78,INR,2025-03-20
#2025::212,PO-2945,Vihaan Nair,vihaannair@example.com,178936.47,8944.72,187881.19,INR,2025-03-03
#2025::932,PO-1469,Arjun Khan,arjunkhan@test.org,3003.33,150.57,3153.9,INR,2025-02-19
#2025::321,,Arjun Khan,arjunkhan @ test.org,105448.22,12654.91,118103.13,INR,2025-07-26
2025/491584,,Kiara Kulkarni,kiarakulka@demo.co,147569.9,17709.51,165279.41,INR,2025-07-30
REF-080-297,,Arjun Sharma,arjunsharm@sample.net,18322.74,2199.85,20522.59,INR,2025-02-11
2025-478372,,Kiara Ghosh,kiaraghosh@demo.co,198713.36,9936.07,208649.43,INR,2025-03-16
2025/382150,PO-7259,Aarav Sharma,aaravsharm@example.com,165730.77,29831.54,195562.31,INR,2025-03-10
INV-2025352028,PO-1669,Vihaan Khan,vihaankhan@demo.co,92621.51,16671.87,109293.38,INR,2025-06-07
2025-880068,,Riya Gupta,riyagupta @ mailinator.com,189166.98,34050.06,223217.04,INR,2025-02-24
INV-2025661987,PO-6962,Arjun Iyer,arjuniyer @ example.com,81466.13,14664.4,96130.53,INR,2025-01-14
#2025::711,PO-8603,Aarav Kulkarni,aaravkulka@example.com,156694.27,7834.71,164528.98,INR,2025-01-12
REF-065-242,PO-2001,Aarav Singh,aaravsingh @ mailinator.com,153001.06,18359.89,171360.95,INR,2025-07-29
REF-281-611,PO-8779,Navya,navyamenon@mailinator.com,21101.73,3795.95,24897.68,INR,2025-04-30
INV-2025384166,,Ira Khan,irakhan@demo.co,93832.79,11261.05,105093.84,INR,2025-07-03
2025-679542,,Aarav Ghosh,aaravghosh@demo.co,61776.14,7412.9,69189.04,INR,2025-01-18
2025-853736,,Ritvik Bansal,ritvikbans@example.com,93475.47,11216.68,104692.15,INR,2025-03-07
2025824004,PO-3009,Kiara Kapoor,kiarakapoo@test.org,96242.75,17323.69,113566.44,INR,2025-04-10
INV-2025633114,PO-3990,Rohan Nair,rohannair@test.org,132335.8,15880.3,148216.1,INR,2025-05-10
2025348594,,Vihaan Menon,vihaanmeno@test.org,135774.46,24441.76,160216.22,INR,2025-04-27
REF-107-536,,Ritvik Bansal,aaravghosh@sample.net,104644.31,12557.2,117200.51,INR,2025-06-19
REF-683-235,,Kiara Pillai,ishaanredd@test.org,12166.94,607.75,12773.19,INR,2025-05-20
REF-521-416,,Ishaan Chopra,miradas@mailinator.com,145643.69,7282.73,152926.92,INR,2025-06-19
REF-476-264,,Sai Menon,saranair@test.org,24456.8,2934.44,27392.74,INR,2025-07-08
REF-576-887,,Sai Mehta,ishaangupt@mailinator.com,31521.72,5674.41,37195.63,INR,2025-02-08
REF-815-106,,Anaya Iyer,saimukherj@test.org,165167.56,8257.78,173423.84,INR,2025-06-07
REF-510-437,,Aarav Menon,parirao@mailinator.com,94061.7,11286.66,105346.86,INR,2025-07-10
REF-368-150,,Ishaan Rao,saidas@example.com,103030.52,5151.08,108183.1,INR,2025-07-22
REF-218-106,,Krishna Kulkarni,adityakapo@demo.co,169149.42,8458.02,177607.94,INR,2025-07-21
REF-089-689,,Mira Kapoor,riyanair@mailinator.com,191023.55,9550.63,200573.68,INR,2025-07-05
REF-991-253,,Vivaan Sharma,miramukher@test.org,24110.84,4339.77,28449.61,INR,2025-05-07
REF-716-480,,Arjun Kulkarni,arjunmehta@sample.net,159558.47,7977.92,167536.39,INR,2025-04-14
REF-807-461,,Vivaan Reddy,vivaanmukh@example.com,123690.72,22264.47,145952.69,INR,2025-04-28
REF-313-579,,Pari Menon,vihaanredd@test.org,155832.45,28049.84,183882.29,INR,2025-02-15
REF-442-701,,Navya Iyer,adityagupt@demo.co,146427.7,17570.82,163999.02,INR,2025-06-17
REF-789-674,,Arjun Patel,ishaanbans@test.org,6780.83,339.49,7118.82,INR,2025-07-21
REF-388-521,,Riya Nair,kiarasingh@demo.co,23540.22,2824.71,26363.93,INR,2025-03-14
REF-473-303,,Rohan Nair,kiarasharm@sample.net,82065.33,9848.22,91912.05,INR,2025-04-04
REF-535-282,,Navya Nair,vivaanghos@demo.co,21427.3,2571.54,23996.34,INR,2025-01-10
REF-535-394,,Vihaan Reddy,saragupta@sample.net,21424.3,2571.04,23996.34,INR,2025-01-10
REF-708-900,,Ritvik Iyer,arjunpatel@mailinator.com,59759.29,10756.17,70515.96,INR,2025-05-01
REF-418-850,,Mira Ghosh,iradas@mailinator.com,21833.88,2619.95,24452.83,INR,2025-08-02
REF-191-847,,Aditya Bansal,ritviksing@example.com,43415.59,5209.99,48626.58,INR,2025-03-11
REF-994-692,,Vihaan Bansal,arjunmenon@test.org,195719.01,35228.92,230948.43,INR,2025-07-22
REF-368-854,,Vivaan Kulkarni,diyakapoor@test.org,103031.52,5151.58,108183.1,INR,2025-07-22
